abstraction_level,description,id,is_bdd,method_signature,project_name,qualified_class_name
low,"Define a test class containing a private static final field `EOL` of type `String` (exact initialization not required for this test), then write a parameterized test method annotated with `@ParameterizedTest` and `@ValueSource(ints = { -100, -1, 0 })` that accepts a single `int` parameter named `width`. Within the method body, instantiate a new `HelpFormatter` object by invoking its no-argument constructor, immediately chain a call to the `findWrapPos` method on this instance passing three arguments in order: the String literal `""Hello World""`, the parameter `width`, and the int literal `0`, and assign the returned `int` value to a local variable named `pos`. Following this assignment, invoke `assertEquals` passing two arguments: first the parameter `width`, then the variable `pos`, to verify that the returned position matches the input width parameter. The test uses method-level annotations `@ParameterizedTest` and `@ValueSource(ints = { -100, -1, 0 })`, employs JUnit 5 Assertions via `assertEquals`, and exercises the deprecated application class `org.apache.commons.cli.HelpFormatter` with its `findWrapPos(String, int, int)` method.",857,False,testDeprecatedFindWrapPosZeroWidth(int),commons-cli,org.apache.commons.cli.HelpFormatterTest
low,"Define a test method that declares a local variable `channel` of type `WritableByteChannel` and initialize it by invoking `mock(WritableByteChannel.class)` from Mockito, then configure the mock by calling `when(channel.isOpen()).thenReturn(true)` to stub the `isOpen` method to return `true`. Next, declare a local variable `shield` of type `WritableByteChannel` and assign it the result of invoking the static method `CloseShieldChannel.wrap(channel)`, passing the mocked `channel` as the argument. Before closing the shield, stub the `write` method by calling `when(channel.write(null)).thenReturn(42)` to configure the mock to return integer `42` when `write` is invoked with `null`, then immediately invoke `shield.write(null)` and assert using `assertEquals(42, shield.write(null))` that the return value equals `42`, followed by verifying the interaction with `verify(channel).write(null)` to confirm that `write` was called on the underlying `channel` with `null` as the argument. After this verification, invoke `shield.close()` to close the shielded channel, then assert that invoking `shield.write(null)` throws a `ClosedChannelException` by using `assertThrows(ClosedChannelException.class, () -> shield.write(null))`, and finally verify that no further interactions occurred on the `channel` mock by calling `verifyNoMoreInteractions(channel)`. Annotate the test method with `@Test`, declare it to throw `Exception`, use Mockito for mocking and verification, and JUnit 5 Assertions for `assertEquals` and `assertThrows`.",214,False,testWritableByteChannelMethods(),commons-io,org.apache.commons.io.channels.CloseShieldChannelTest
low,"Define a test method annotated with `@Test` that validates the behavior of the `isArch` static method from class `org.apache.commons.exec.OS` when provided with invalid architecture arguments. Begin by invoking `OS.isArch` with a `null` argument and immediately assert that the returned boolean value is `false` using `assertFalse`. Following this, invoke `OS.isArch` again, this time passing the String literal `""....""` as the argument, and assert that the returned boolean value is `false` using `assertFalse`. The test uses JUnit 5 Assertions with method-level annotation `@Test` and no class-level annotations.",4,False,testIsArch(),commons-exec,org.apache.commons.exec.OSTest
low,"Define a test method annotated with `@Test` that begins by declaring a final `Integer` variable named `integerOne` and assigning it the literal value `1662`, then declare a final `Integer` variable named `integerTwo` and assign it the literal value `1164`. Next, instantiate a `LevenshteinResults` object by invoking its constructor with four arguments—all four arguments being the variable `integerOne`—and assign the resulting instance to a final variable named `levenshteinResults`. Following this, instantiate a second `LevenshteinResults` object by invoking its constructor with four arguments in the order `integerOne`, `integerOne`, `integerTwo`, `integerTwo`, and assign this instance to a final variable named `levenshteinResultsTwo`. Then invoke the `equals` method on `levenshteinResults`, passing `levenshteinResultsTwo` as the argument, and wrap this invocation in an `assertFalse` call to verify that the equality check returns `false`. The test uses the JUnit 5 Assertions library with method-level annotation `@Test` and no class-level annotations.",777,False,testEqualsReturningFalse(),commons-text,org.apache.commons.text.similarity.LevenshteinResultsTest
low,"Define a test method that declares a `throws` clause for `IOException` and `ImagingException`, then assign the String literal `""/images/png/IMAGING-340/image-with-exif.png""` to variable `input`, invoke `getResource(input)` on the class literal `PngReadTest.class` to obtain a `URL`, immediately chain `getFile()` on that result and assign the returned String to variable `file`, instantiate a `PngImageParser` using its no-argument constructor and assign it to variable `parser`, construct a `File` instance by passing `file` as the argument, invoke `getMetadata` on `parser` with that `File` instance, cast the returned value to `PngImageMetadata` and assign it to variable `pngMetadata`, invoke `getExif()` on `pngMetadata` and assign the resulting `TiffImageMetadata` to variable `exifMetadata`, then invoke `findDirectory` on `exifMetadata` passing the constant `TiffDirectoryConstants.DIRECTORY_TYPE_ROOT` as the argument to obtain a `TiffDirectory`, immediately chain `getFieldValue` on that directory passing the constant `TiffTagConstants.TIFF_TAG_IMAGE_DESCRIPTION` as the argument, and assert using `assertEquals` that the returned value equals the String literal `""Glavo""`, construct another `File` instance by passing `file` again, invoke `getMetadata` on `parser` with this second `File` instance, cast the result to `PngImageMetadata` and assign it to variable `metadata`, invoke `getTextualInformation()` on `metadata` to obtain an `ImageMetadata` instance, chain `getItems()` on that result to retrieve a `List`, invoke `isEmpty()` on the list and assert using `assertTrue` that it returns `true`, then invoke `getExif()` on `metadata` to obtain a `TiffImageMetadata`, chain `findDirectory` on that result passing `TiffDirectoryConstants.DIRECTORY_TYPE_ROOT`, chain `getFieldValue` on the returned `TiffDirectory` passing `TiffTagConstants.TIFF_TAG_IMAGE_DESCRIPTION`, and assert using `assertEquals` that this final value equals the String literal `""Glavo""`. The test uses the `@Test` annotation and no class-level or method-level integration annotations, relies on JUnit 5 Assertions for `assertEquals` and `assertTrue`, and does not employ any mocking libraries.",210,False,testReadExif(),commons-imaging,org.apache.commons.imaging.formats.png.PngReadTest
low,"Define a test class containing two private static final fields: `TEST_STRING` of type `String` and `TEST_CHARS` of type `char[]`, initializing them with appropriate test data values. Write a test method annotated with `@Test` that begins by opening a try-with-resources block, declaring a variable `writer` of type `NullWriter` and assigning it the value `NullWriter.INSTANCE`. Within the try block, invoke `write` on `writer` passing three arguments: the char array `TEST_CHARS`, the int offset `1`, and the int length `2`. Following this invocation, use `assertThrows` to verify that an `IndexOutOfBoundsException` is thrown when invoking `write` on `writer` with arguments `TEST_CHARS`, `-1`, and `0`. Next, use `assertThrows` to verify that an `IndexOutOfBoundsException` is thrown when invoking `write` on `writer` with arguments `TEST_CHARS`, `0`, and `-1`. Then use `assertThrows` to verify that an `IndexOutOfBoundsException` is thrown when invoking `write` on `writer` with arguments `TEST_CHARS`, `0`, and `4`. Finally, use `assertThrows` to verify that a `NullPointerException` is thrown when invoking `write` on `writer` with a null char array explicitly cast as `(char[]) null`, offset `0`, and length `0`. The try-with-resources block automatically closes the `writer` upon completion. The test uses JUnit 5 Assertions with method-level annotation `@Test` and no class-level annotations.",645,False,testWriteCharArrayWithOffset(),commons-io,org.apache.commons.io.output.NullWriterTest
low,"Define a test method annotated with `@Test` that verifies `URIUtils.encodePath` throws `IllegalArgumentException` for invalid inputs by first invoking `assertThrows` with `IllegalArgumentException.class` as the expected exception type and a lambda expression that calls `URIUtils.encodePath` passing `null` as the first argument and the result of `StandardCharsets.UTF_8.name()` as the second argument, then immediately follow with a second `assertThrows` invocation using `IllegalArgumentException.class` as the expected exception and a lambda that calls `URIUtils.encodePath` with an empty string literal `""""` as the first argument and another empty string literal `""""` as the second argument. The test uses JUnit 5 Assertions with method-level annotation `@Test`.",642,False,testEncodePathThrowsIllegalArgumentException(),commons-vfs,org.apache.commons.vfs2.util.URIUtilsTest
low,"Define a test method annotated with `@Test` that declares it throws `IOException`, beginning by initializing an `int` variable `threshold` with value `1`, then instantiating an `AtomicInteger` assigned to variable `counter` using the no-argument constructor, followed by opening a try-with-resources block that declares `ByteArrayOutputStream` variable `os` initialized via the no-argument constructor and `ThresholdingOutputStream` variable `out` initialized by invoking the three-argument constructor passing `threshold` as the first argument, a lambda expression `tos -> { counter.incrementAndGet(); tos.resetByteCount(); }` as the second argument (where the lambda body first calls `incrementAndGet()` on `counter` and then invokes `resetByteCount()` on the lambda parameter `tos`), and a lambda expression `o -> os` as the third argument. Within the try block, first invoke `assertFalse` on the result of calling `isThresholdExceeded()` on `out`, then invoke `assertEquals` with expected value equal to the result of calling `getThreshold()` on `out` and actual value `threshold`, and finally invoke `assertEquals` with expected value equal to the result of calling `getByteCount()` on `out` and actual value `0`. Next, invoke `assertEquals` with expected value `0` and actual value obtained by calling `get()` on `counter`. Invoke `write` on `out` passing the character literal `'a'` (as an int), then invoke `assertFalse` on the result of calling `isThresholdExceeded()` on `out`. Invoke `write` on `out` again with character literal `'a'`, then invoke `assertEquals` with expected value `1` and actual value from calling `get()` on `counter`, followed by invoking `assertFalse` on the result of calling `isThresholdExceeded()` on `out`. Invoke `write` on `out` with character literal `'a'`, then immediately invoke `write` on `out` again with character literal `'a'`, and finally invoke `assertEquals` with expected value `3` and actual value from calling `get()` on `counter`, allowing the try-with-resources to automatically close both `out` and `os` upon completion. The test uses JUnit 5 Assertions (`assertEquals`, `assertFalse`).",769,False,testResetByteCount(),commons-io,org.apache.commons.io.output.ThresholdingOutputStreamTest
low,"Define a parameterized test method annotated with `@ParameterizedTest` and `@MethodSource(""fileTimeNanoUnitsToNtfsProvider"")` that accepts two parameters: a `String` named `instantStr` and a `long` named `javaTime`. Begin by creating an `Instant` object named `instant` by invoking `Instant.ofEpochMilli(javaTime)`, then immediately assert equality between `javaTime` and the result of calling `toEpochMilli()` on `instant` using `assertEquals(javaTime, instant.toEpochMilli())`. Next, invoke the static method `FileTimes.toNtfsTime(javaTime)` and assign the returned `long` value to a variable named `ntfsTime`. With this NTFS time value, invoke the static method `FileTimes.ntfsTimeToInstant(ntfsTime)` and assign the resulting `Instant` to a variable named `instant2`. Following this conversion, check whether `ntfsTime` equals `Long.MIN_VALUE` or `Long.MAX_VALUE` using an if-condition; if either condition holds true, execute an empty block (representing a scenario where `toNtfsTime` returns boundary values instead of overflowing), otherwise proceed to the else block where you assert equality between `javaTime` and the result of calling `toEpochMilli()` on `instant2` using `assertEquals(javaTime, instant2.toEpochMilli())`. The test uses JUnit 5 Assertions via `assertEquals`, is annotated with `@ParameterizedTest` and `@MethodSource(""fileTimeNanoUnitsToNtfsProvider"")`, and relies on the application class `FileTimes` with its static methods `toNtfsTime(long)` and `ntfsTimeToInstant(long)`.",733,False,"testMaxJavaTimeParam(java.lang.String, long)",commons-io,org.apache.commons.io.file.attribute.FileTimesTest
low,"Define a test method annotated with `@Test` that validates the behavior of the `isVersion` static method from the `org.apache.commons.exec.OS` class by invoking `assertFalse(OS.isVersion(null))` to verify that passing `null` as the version argument returns false, then immediately invoke `assertFalse(OS.isVersion(""....""))` to verify that passing the String literal `""....""` as the version argument also returns false. The test uses JUnit assertions (specifically `assertFalse` from JUnit) and operates on the static method `isVersion` of the `OS` application class without requiring any field declarations, setup methods, or teardown logic. Class-level annotations: None. Method-level annotations: `@Test`. Assertion library: JUnit. Mocking libraries: None.",10,False,testIsVersion(),commons-exec,org.apache.commons.exec.OSTest
low,"Define a test class containing a private static field named `distance` of type `org.apache.commons.text.similarity.HammingDistance`, and include a setup method annotated with `@BeforeEach` that instantiates this field by invoking the no-argument constructor `new HammingDistance()` and assigns the result to `distance`. Write a test method annotated with `@Test` that verifies the behavior when a null left value is passed to the `apply` method by invoking `assertThrows` with `IllegalArgumentException.class` as the first argument and a lambda expression as the second argument, where the lambda body calls `distance.apply(null, """")` passing `null` as the first argument and an empty String literal `""""` as the second argument, ensuring that the invocation throws the expected exception type. The test uses JUnit 5 Assertions with the `@Test` annotation at the method level.",764,False,testHammingDistance_nullLeftValue(),commons-text,org.apache.commons.text.similarity.HammingDistanceTest
low,"Define a test class containing two private static final fields: `TEST_STRING` of type `String` and `TEST_CHARS` of type `char[]`, both initialized with appropriate test values. Write a test method annotated with `@Test` that begins by opening a try-with-resources block, declaring a variable `writer` of type `NullWriter` and assigning it the value `NullWriter.INSTANCE`. Within the try block, invoke `append` on `writer` passing `TEST_STRING` as the argument, then immediately assert using `assertSame` that the returned value is identical to `writer`. Following this, invoke `append` on `writer` again, this time passing `null` as the argument, and assert using `assertSame` that the returned value is again identical to `writer`. The try-with-resources block automatically closes the `writer` upon completion. This test uses the JUnit 5 Assertions library with the `@Test` annotation.",581,False,testAppendCharSequence(),commons-io,org.apache.commons.io.output.NullWriterTest
low,"Define a test class containing two private static final fields: `TEST_STRING` of type `java.lang.String` and `TEST_CHARS` of type `char[]`, initializing them with appropriate test data values. Write a test method annotated with `@Test` that begins by declaring a try-with-resources block, assigning `NullWriter.INSTANCE` to a variable named `writer` of type `org.apache.commons.io.output.NullWriter`. Within the try block, invoke `write` on `writer` passing `TEST_STRING` as the argument, then immediately use `assertThrows` with `NullPointerException.class` as the first argument and a lambda expression as the second argument that invokes `write` on `writer` with a cast null String literal `(String) null` to verify that passing null throws the expected exception. The try-with-resources construct automatically closes the writer upon block exit. The test method uses JUnit 5 Assertions via the `assertThrows` method and is annotated with `@Test` at the method level, with no class-level annotations present.",610,False,testWriteString(),commons-io,org.apache.commons.io.output.NullWriterTest
low,"Define a test class containing a private field `converter` of type `Converter<Enum<PizzaStatus>>` where `PizzaStatus` is an enum type defined within the test class scope. Implement a setup method annotated with `@BeforeEach` that instantiates `converter` by creating a new `EnumConverter<>()` using the no-argument constructor and assigns it to the field. Write a test method annotated with `@Test` that verifies exception handling by invoking `assertThrows` with `ConversionException.class` as the first argument and a lambda expression as the second argument, where the lambda calls `converter.convert(Enum.class, ""java.lang.String#MONDAY"")` passing the raw `Enum.class` type as the first parameter and the String literal `""java.lang.String#MONDAY""` as the second parameter, expecting the conversion to throw a `ConversionException` due to the non-enum class reference. Implement a teardown method annotated with `@AfterEach` that assigns `null` to the `converter` field to release the resource. The test uses JUnit 5 Assertions with method-level annotation `@Test`, and the setup/teardown methods throw `Exception` in their signatures.",29,False,testNonEnumClasses(),commons-beanutils,org.apache.commons.beanutils2.converters.EnumConverterTest
low,"Define a test method annotated with `@Test` that verifies unsupported operations when a `ChannelOrigin` is constructed with a `WritableByteChannel`. Begin by creating a mock instance of `WritableByteChannel` using `mock(WritableByteChannel.class)` and assign it to a variable named `channel` of type `Channel`. Instantiate a new `ChannelOrigin` by passing `channel` to its constructor, assigning the result to a variable named `origin` of type `ChannelOrigin`. Immediately assert that invoking `getInputStream()` on `origin` throws `UnsupportedOperationException` by calling `assertThrows(UnsupportedOperationException.class, origin::getInputStream)`. Following this, assert that invoking `getReader(null)` on `origin` throws `UnsupportedOperationException` by calling `assertThrows(UnsupportedOperationException.class, () -> origin.getReader(null))`, where the lambda captures the method call with a `null` argument. Finally, assert that invoking `getChannel(ReadableByteChannel.class)` on `origin` throws `UnsupportedOperationException` by calling `assertThrows(UnsupportedOperationException.class, () -> origin.getChannel(ReadableByteChannel.class))`, where the lambda captures the method call with the class literal `ReadableByteChannel.class` as the argument. The test uses JUnit 5 Assertions via `assertThrows`, Mockito for mocking via `mock`, and the method-level annotation `@Test`.",1027,False,testUnsupportedOperations_WritableByteChannel(),commons-io,org.apache.commons.io.build.ChannelOriginTest
low,"Define a test method annotated with `@Test` that declares it throws `ReflectiveOperationException`, then instantiate a new `Fixture` object by invoking its no-argument constructor and assign it to variable `fixture`, followed by instantiating a new `PropertyUtilsBean` object using its no-argument constructor and assigning it to variable `propertyUtilsBean`, and immediately invoke `assertThrows` with arguments `NoSuchMethodException.class` and a lambda expression that calls `getNestedProperty` on `propertyUtilsBean` passing arguments `fixture` and the String literal `""testEnum.declaringClass.classLoader""`, verifying that this invocation throws `NoSuchMethodException` due to the default security configuration that suppresses access to the `declaringClass` property. The test uses class-level annotations: none. The test uses method-level annotations: `@Test`. The test uses assertion libraries: JUnit 5 Assertions. The test uses no mocking libraries.",190,False,testSuppressClassPropertyByDefaultFromPropertyUtilsBean(),commons-beanutils,org.apache.commons.beanutils2.bugs.EnumDeclaringClassTest
low,"Define a test class containing a static final field `EQ_FRIEND` of type `char[]`, then write a test method annotated with `@Test` that begins by instantiating a `JexlFeatures` object via `new JexlFeatures()` and immediately chaining method calls `localVar(false)`, `lambda(false)`, `loops(false)`, `sideEffect(false)`, and `sideEffectGlobal(false)` in sequence, assigning the result to a final variable `f` of type `JexlFeatures`. Next, instantiate a `JexlBuilder` via `new JexlBuilder()` and chain method calls `parserFactory(SQLParser::new)`, `cache(32)`, and `features(f)` in sequence, assigning the result to a final variable `builder` of type `JexlBuilder`. Invoke `create()` on `builder` and assign the returned `JexlEngine` instance to a final variable `sqle`. Invoke `createScript` on `sqle` with String literal `""a <> 25""` and String literal `""a""` as arguments, then immediately invoke `execute` on the returned `JexlScript` with `null` and integer literal `24` as arguments, cast the result to `boolean`, and pass it to `Assertions.assertTrue`. Invoke `createScript` on `sqle` with String literal `""a <> 25""` and String literal `""a""`, then invoke `execute` on the returned script with `null` and integer literal `25`, cast the result to `boolean`, and pass it to `Assertions.assertFalse`. Invoke `createScript` on `sqle` with String literal `""a = 25""` and String literal `""a""`, then invoke `execute` on the returned script with `null` and integer literal `24`, cast the result to `boolean`, and pass it to `Assertions.assertFalse`. Invoke `createScript` on `sqle` with String literal `""a != 25""` and String literal `""a""`, then invoke `execute` on the returned script with `null` and integer literal `24`, cast the result to `boolean`, and pass it to `Assertions.assertTrue`. Invoke `createScript` on `sqle` with String literal `""a = 25""` and String literal `""a""`, then invoke `execute` on the returned script with `null` and integer literal `25`, cast the result to `boolean`, and pass it to `Assertions.assertTrue`. Finally, invoke `createScript` on `sqle` with String literal `""a != 25""` and String literal `""a""`, then invoke `execute` on the returned script with `null` and integer literal `25`, cast the result to `boolean`, and pass it to `Assertions.assertFalse`. The test uses method-level annotation `@Test`, assertion library JUnit 5 Assertions, and no mocking libraries.",626,False,test438(),commons-jexl,org.apache.commons.jexl3.Issues400Test
low,"Define a test method annotated with `@Test` that declares `throws Exception` in its signature, then begin by invoking the static method `quoteArgument` on `org.apache.commons.exec.util.StringUtils` with the String literal `""'hi'""` and assert using `assertEquals` that the returned value equals `""hi""`. Next, invoke `quoteArgument` again with the argument `""\""hi\""""` (a String containing double quotes around ""hi"") and assert the result equals `""hi""`. Following this, call `quoteArgument` with the String literal `""echo 'hi'""` and assert the returned value equals `""\""echo 'hi'\""""` (double quotes wrapping the entire phrase). Then invoke `quoteArgument` with `""echo \""hi\""""` (containing escaped double quotes) and assert the result equals `""'echo \""hi\""'""` (single quotes wrapping the phrase with escaped double quotes inside). Finally, use `assertThrows` to verify that invoking `quoteArgument` with the argument `""echo \""hi 'world'\""""` (a String containing both escaped double quotes and single quotes) throws an `IllegalArgumentException`, passing the lambda expression `() -> StringUtils.quoteArgument(""echo \""hi 'world'\"""")` as the executable and the message `""Can't handle single and double quotes in same argument""` as the third argument. The test uses JUnit 5 Assertions with method-level annotation `@Test`.",32,False,testQuoteArgument(),commons-exec,org.apache.commons.exec.util.StringUtilTest
low,"Define a test class containing a private static final field `WHITESPACE` of type `java.lang.String`, then write a test method annotated with `@Test` that verifies the behavior of the `isDelimiter` static method on the `WordUtils` class by invoking it with various code point and delimiter array combinations. Begin by invoking `WordUtils.isDelimiter` with the int cast of character `'.'` and `null` as the delimiter array, then immediately assert the result is false using `assertFalse`. Next, invoke `WordUtils.isDelimiter` with the int cast of character `' '` (space) and `null` as the delimiter array, then assert the result is true using `assertTrue`. Following this, invoke `WordUtils.isDelimiter` with the int cast of character `' '` (space) and a new char array containing the single element `'.'`, then assert the result is false using `assertFalse`. Proceed by invoking `WordUtils.isDelimiter` with the int cast of character `'.'` and a new char array containing the single element `'.'`, then assert the result is true using `assertTrue`. Continue by invoking `WordUtils.isDelimiter` with the int cast of character `' '` (space) and a new char array containing three elements `'.'`, `'_'`, and `'a'`, then assert the result is false using `assertFalse`. Finally, invoke `WordUtils.isDelimiter` with the int cast of character `'.'` and a new char array containing four elements `'.'`, `'_'`, `'a'`, and `'.'`, then assert the result is true using `assertTrue`. The test uses JUnit 5 Assertions with method-level annotation `@Test` and no class-level annotations.",797,False,testIsDelimiterCodePoint(),commons-text,org.apache.commons.text.WordUtilsTest
low,"Define a test method annotated with `@Test` that begins by creating a `char[]` variable named `punctuation` initialized by invoking `ArraySorter.sort` on a new `char` array literal containing the exact characters `'!'`, `'\""'`, `'#'`, `'$'`, `'&'`, `'\''`, `'('`, `')'`, `','`, `'.'`, `':'`, `';'`, `'?'`, `'@'`, `'['`, `'\\'`, `']'`, `'^'`, `'_'`, `'`'`, `'{'`, `'|'`, `'}'`, and `'~'` in that order. Next, construct a `RandomStringGenerator` variable named `generator` by invoking the static method `RandomStringGenerator.builder()`, then chain `setAccumulate(true)`, followed by `withinRange('a', 'z')`, then `withinRange('A', 'Z')`, then `withinRange('0', '9')`, then `selectFrom(punctuation)`, and finally `get()` to build the generator instance. Invoke `generate(10)` on the `generator` object and assign the returned `String` to a variable named `randomText`. Iterate over each character in `randomText` by calling `toCharArray()` on it and using an enhanced for-loop with loop variable `c` of type `char`, and within the loop body, assert using `assertTrue` that the expression `Character.isLetter(c) || Character.isDigit(c) || Arrays.binarySearch(punctuation, c) >= 0` evaluates to `true`, thereby verifying each character is either a letter, a digit, or present in the sorted `punctuation` array. The test uses JUnit 5 with the `@Test` annotation and JUnit 5 Assertions for the `assertTrue` method.",848,False,testPasswordExample(),commons-text,org.apache.commons.text.RandomStringGeneratorTest
low,"Define a test method annotated with `@ParameterizedTest`, `@ValueSource(classes = { IllegalStateException.class, IllegalArgumentException.class, NullPointerException.class, RuntimeException.class })`, and `@Timeout(value = 5, unit = TimeUnit.SECONDS, threadMode = ThreadMode.SAME_THREAD)` that accepts a single parameter of type `Class<Exception>` named `throwableClass` and declares `throws ConcurrentException`. Begin by declaring a local variable `message` of type `String` initialized to the literal value `""Initializing""`. Next, declare a variable `asi` of type `AtomicSafeInitializer<Object>` and initialize it by invoking the static method `builder()` on `AtomicSafeInitializer`, then chain `setInitializer` passing a lambda expression that throws an exception created by calling `getConstructor(String.class)` on `throwableClass`, then invoking `newInstance(message)` on the returned constructor to instantiate the exception with the message, and finally chain `get()` to obtain the `AtomicSafeInitializer` instance. Immediately assert by calling `assertEquals` with `message` as the first argument and as the second argument invoke `assertThrows` passing `throwableClass` and a method reference `asi::get`, then chain `getMessage()` on the thrown exception to verify the exception message matches the expected string. Repeat the assertion by calling `assertEquals` again with `message` as the first argument and invoking `assertThrows` with `throwableClass` and the method reference `asi::get`, chaining `getMessage()` on the result to confirm that subsequent calls to `get()` throw the same exception with the same message. The test uses JUnit 5 Assertions for `assertEquals` and `assertThrows`, and the method-level annotations include `@ParameterizedTest`, `@ValueSource`, and `@Timeout` with no class-level annotations present.",1331,False,testInitializerThrowsUnchecked(java.lang.Class),commons-lang,org.apache.commons.lang3.concurrent.AtomicSafeInitializerTest
low,"Define a test method annotated with `@Test` that verifies an `IllegalArgumentException` is thrown when attempting to configure a CSV format with a line feed character as the delimiter. Begin by invoking `assertThrows` with `IllegalArgumentException.class` as the first argument and a lambda expression as the second argument that constructs the invalid format configuration. Within the lambda, invoke the static method `builder()` on `CSVFormat.DEFAULT` to obtain a `Builder` instance, then chain `setDelimiter` passing the result of `String.valueOf(Constants.LF)` as the argument to set the delimiter to the line feed character, and finally chain `get()` to build the `CSVFormat` instance, which should trigger the exception during validation. The test uses JUnit 5 Assertions via `assertThrows` and operates on the `org.apache.commons.csv.CSVFormat.Builder` fluent API with method chaining. The test method has no class-level annotations, no field declarations, no setup methods, and no teardown methods.",118,False,testDelimiterStringLineBreakLfThrowsException1(),commons-csv,org.apache.commons.csv.CSVFormatTest
low,"Define a test class containing two private static final fields: `TEST_STRING` of type `java.lang.String` and `TEST_CHARS` of type `char[]`, initialized with appropriate literal values. Write a test method annotated with `@Test` that begins by opening a try-with-resources block, declaring a variable `writer` of type `org.apache.commons.io.output.NullWriter` and initializing it with `NullWriter.INSTANCE`. Within the try block, invoke `write` on `writer` passing three arguments: `TEST_STRING`, integer literal `1`, and integer literal `1`. Following this invocation, use `assertThrows` to verify that an `IndexOutOfBoundsException` is thrown when invoking `write` on `writer` with arguments `TEST_STRING`, integer literal `-1`, and integer literal `0`. Next, use `assertThrows` to verify that an `IndexOutOfBoundsException` is thrown when invoking `write` on `writer` with arguments `TEST_STRING`, integer literal `0`, and integer literal `-1`. Then, use `assertThrows` to verify that an `IndexOutOfBoundsException` is thrown when invoking `write` on `writer` with arguments `TEST_STRING`, integer literal `0`, and integer literal `4`. Finally, use `assertThrows` to verify that a `NullPointerException` is thrown when invoking `write` on `writer` with arguments `(String) null` (explicitly cast), integer literal `0`, and integer literal `0`. The try-with-resources block automatically closes the `writer` upon completion. This test uses the `@Test` annotation from JUnit 5, employs JUnit 5 Assertions via `assertThrows`, and does not involve any mocking libraries.",608,False,testWriteStringWithOffset(),commons-io,org.apache.commons.io.output.NullWriterTest
low,"Define a parameterized test method accepting a `double` parameter `p`, annotated with `@ParameterizedTest` and `@ValueSource(doubles = { -1, 101, Double.NaN })`, which will execute three times with each of these invalid percentile values. Begin by invoking the static factory method `Percentile.create` with the literal `double` argument `50`, assigning the returned `Percentile` instance to a local variable named `stat`. Immediately assert that invoking `setQuantile` on `stat` with the parameter `p` throws an `OutOfRangeException` by calling `Assertions.assertThrows(OutOfRangeException.class, () -> stat.setQuantile(p))`. Following this assertion, verify that the static factory method itself rejects invalid input by asserting that `Percentile.create(p)` also throws `OutOfRangeException` using `Assertions.assertThrows(OutOfRangeException.class, () -> Percentile.create(p))`. The test uses JUnit 5 Assertions and the `@ParameterizedTest` annotation with `@ValueSource` to supply test data.",435,False,testInvalidPercentileThrows(double),commons-math,org.apache.commons.math4.legacy.stat.descriptive.StatisticsTest
low,"Define a test method that instantiates an anonymous inner class implementing the `ByteSupplier` interface by overriding its `getAsByte()` method to return the byte literal `1`, then immediately invoke `getAsByte()` on this instance and pass the returned value as the second argument to `assertEquals` with the expected value of integer `1` as the first argument, verifying that the supplier produces the correct byte value. The test uses JUnit 5 Assertions with the `@Test` annotation.",1448,False,testGetAsByte(),commons-lang,org.apache.commons.lang3.function.ByteSupplierTest
low,"Define a test method that verifies the behavior of the `isDelimiter` method from the `WordUtils` class by executing six distinct assertion sequences. Begin by invoking `WordUtils.isDelimiter` with character `'.'` and `null` as the delimiter array, then assert that the result is `false` using `assertFalse`. Next, invoke `WordUtils.isDelimiter` with character `' '` (space) and `null` as the delimiter array, then assert that the result is `true` using `assertTrue`. Following this, invoke `WordUtils.isDelimiter` with character `' '` (space) and a new `char[]` array containing the single element `'.'`, then assert that the result is `false` using `assertFalse`. Subsequently, invoke `WordUtils.isDelimiter` with character `'.'` and a new `char[]` array containing the single element `'.'`, then assert that the result is `true` using `assertTrue`. After that, invoke `WordUtils.isDelimiter` with character `' '` (space) and a new `char[]` array containing three elements `'.'`, `'_'`, and `'a'`, then assert that the result is `false` using `assertFalse`. Finally, invoke `WordUtils.isDelimiter` with character `'.'` and a new `char[]` array containing four elements `'.'`, `'_'`, `'a'`, and `'.'`, then assert that the result is `true` using `assertTrue`. The test uses method-level annotation `@Test` and relies on JUnit 5 Assertions for verification.",800,False,testIsDelimiter(),commons-text,org.apache.commons.text.WordUtilsTest
low,"Define a test method annotated with `@Test` that begins by opening a try-with-resources block, declaring a variable `writer` of type `org.apache.commons.io.output.NullWriter` and initializing it with the static field `NullWriter.INSTANCE`. Within the try block, invoke the `append` method on `writer` with the character literal `'X'` as the argument, then immediately assert using `assertSame` that the return value of this `append` invocation is identical to the `writer` instance itself, verifying that the method returns the same writer object for method chaining. The try-with-resources block automatically closes the `writer` upon completion. This test uses the `@Test` annotation from JUnit and the `assertSame` assertion method from JUnit's assertion library.",601,False,testAppendChar(),commons-io,org.apache.commons.io.output.NullWriterTest
low,"Define a test method that begins by invoking `JexlFeatures.createDefault()` and assigning the result to a final variable `features` of type `JexlFeatures`, then instantiate three `Source` objects: assign `new Source(features, null, ""x -> -x"")` to final variable `src0`, assign `new Source(features, null, ""x -> -x"")` to final variable `src0b`, and assign `new Source(features, null, ""x -> +x"")` to final variable `src1`, where each constructor receives the `features` instance, a `null` second argument, and the respective String literal as the third argument. Invoke `length()` on `src0` and assert using `assertEquals` that the returned value equals integer literal `7`. Assert using `assertEquals` that `src0` equals `src0b`. Assert using `assertNotEquals` that `src0` does not equal `src1`. Invoke `hashCode()` on `src0` and `hashCode()` on `src0b`, then assert using `assertEquals` that these two hash code values are equal. Invoke `hashCode()` on `src0` and `hashCode()` on `src1`, then assert using `assertNotEquals` that these two hash code values are not equal. Invoke `compareTo(src0b)` on `src0` and assert using `assertEquals` that the returned integer equals `0`. Invoke `compareTo(src1)` on `src0` and assert using `assertTrue` that the returned integer is greater than `0`. Invoke `compareTo(src0)` on `src1` and assert using `assertTrue` that the returned integer is less than `0`. The test uses class-level annotations: none; method-level annotations: `@Test`; assertion library: JUnit 5 Assertions; no mocking libraries are present.",410,False,testSource(),commons-jexl,org.apache.commons.jexl3.internal.SourceCacheTest
low,"Define a test method annotated with `@Test` that declares it throws `Exception`, then begin by assigning the String literal `""foobar""` to a final variable `strData`, and immediately invoke `getBytes()` on `strData` to produce a byte array assigned to final variable `contents`. Construct a new `ByteArrayInputStream` by passing `contents` as the constructor argument, assigning the result to final variable `input` of type `InputStream`. Invoke `getBytes()` on the static field `BOUNDARY_TEXT` to obtain a byte array assigned to final variable `boundary`. Compute the buffer size by adding `boundary.length`, the static field `MultipartInput.BOUNDARY_PREFIX.length`, and the integer literal `1`, assigning the sum to final variable `iBufSize`. Invoke the static method `MultipartInput.builder()` to obtain a `Builder` instance, then chain `setInputStream(input)` passing `input`, chain `setBoundary(boundary)` passing `boundary`, chain `setBufferSize(iBufSize)` passing `iBufSize`, and chain `setProgressNotifier(new MultipartInput.ProgressNotifier(null, contents.length))` where the `ProgressNotifier` constructor receives `null` as the first argument and `contents.length` as the second argument, and finally invoke `get()` on the builder chain to produce a `MultipartInput` instance assigned to final variable `ms`. Assert that `ms` is not null by invoking `assertNotNull(ms)`. The test uses the `@Test` annotation from JUnit 5 and the `assertNotNull` assertion from JUnit 5 Assertions, with no integration annotations, parameterized test sources, or mocking libraries present.",208,False,testThreeParamConstructor(),commons-fileupload,org.apache.commons.fileupload2.core.MultipartStreamTest
low,"Define a test class containing a test method annotated with `@Test` that verifies the fix for VALIDATOR-502, a circular dependency issue causing NPE in `GenericValidator.isCreditCard()`. Begin by instantiating a new `CreditCardValidator` using the no-argument constructor `new CreditCardValidator()` and assign the result to a local variable `ccv` of type `org.apache.commons.validator.routines.CreditCardValidator`. Immediately following this instantiation, invoke the static method `isCreditCard` on `org.apache.commons.validator.GenericValidator`, passing the String literal `""1234567890""` as the argument. The test contains no assertions; its purpose is to ensure that the sequence of instantiating `CreditCardValidator` followed by calling `GenericValidator.isCreditCard` does not throw a `NullPointerException`, thereby confirming the circular dependency has been resolved. The test uses no class-level annotations, no setup or teardown methods, and relies solely on JUnit 5 with the `@Test` annotation at the method level.",574,False,testGenericValidatorCircularDependency(),commons-validator,org.apache.commons.validator.routines.CreditCardValidatorTest
low,"Define a test class containing five private fields: `target` of type `ByteArrayOutputStream`, `proxied` of type `ProxyOutputStream`, and three `AtomicBoolean` fields named `hitByteArray`, `hitByteArrayAt`, and `hitInt`, where the three `AtomicBoolean` fields are declared `final` and initialized inline with `new AtomicBoolean(false)`. Implement a setup method annotated with `@BeforeEach` that instantiates `target` as an anonymous subclass of `ByteArrayOutputStream` with no-argument constructor, overriding three methods: override `write(final byte[] ba)` to invoke `hitByteArray.set(true)` followed by `super.write(ba)`, override `write(final byte[] b, final int off, final int len)` to invoke `hitByteArrayAt.set(true)` followed by `super.write(b, off, len)`, and override the synchronized `write(final int ba)` to invoke `hitInt.set(true)` followed by `super.write(ba)`, then assign `proxied` by instantiating `ProxyOutputStream` passing `target` as the constructor argument. Write a test method annotated with `@Test` that declares `throws Exception` and executes the following sequence: invoke `writeRepeat` on `proxied` passing a byte array literal `new byte[]{'y', 'z'}` and int value `-1`, then assert `assertFalse(hitByteArray.get())`, invoke `hitByteArray.set(false)`, assert `assertEquals(0, target.size())`, and assert `assertArrayEquals(new byte[]{}, target.toByteArray())`; next invoke `writeRepeat` on `proxied` passing the same byte array `new byte[]{'y', 'z'}` and int value `0`, then assert `assertFalse(hitByteArray.get())`, invoke `hitByteArray.set(false)`, assert `assertEquals(0, target.size())`, and assert `assertArrayEquals(new byte[]{}, target.toByteArray())`; next invoke `writeRepeat` on `proxied` passing the same byte array `new byte[]{'y', 'z'}` and int value `1`, then assert `assertTrue(hitByteArray.get())`, invoke `hitByteArray.set(false)`, assert `assertEquals(2, target.size())`, and assert `assertArrayEquals(new byte[]{'y', 'z'}, target.toByteArray())`; finally invoke `writeRepeat` on `proxied` passing the same byte array `new byte[]{'y', 'z'}` and int value `2`, then assert `assertTrue(hitByteArray.get())`, assert `assertEquals(6, target.size())`, and assert `assertArrayEquals(new byte[]{'y', 'z', 'y', 'z', 'y', 'z'}, target.toByteArray())`. This test uses JUnit 5 Assertions with method-level annotation `@Test` and setup annotation `@BeforeEach`.",1244,False,testWriteByteArrayRepeat(),commons-io,org.apache.commons.io.output.ProxyOutputStreamTest
low,"Create a test method annotated with `@Test` that declares a variable `channel` of type `NetworkChannel` by invoking `mock(NetworkChannel.class)` from Mockito, then stub `channel.isOpen()` to return `true` using `when(channel.isOpen()).thenReturn(true)`, and assign the result of `CloseShieldChannel.wrap(channel)` to a variable `shield` of type `NetworkChannel`. Stub the mock by calling `when(channel.getOption(null)).thenReturn(""foo"")`, then `when(channel.setOption(null, null)).thenReturn(channel)`, then `when(channel.getLocalAddress()).thenReturn(null)`, and finally `when(channel.bind(null)).thenReturn(channel)`. Invoke `shield.getOption(null)` and assert the result equals the String literal `""foo""` using `assertEquals(""foo"", shield.getOption(null))`, then invoke `shield.setOption(null, null)` and assert the result equals `shield` using `assertEquals(shield, shield.setOption(null, null))`, then invoke `shield.getLocalAddress()` and assert the result equals `null` using `assertEquals(null, shield.getLocalAddress())`, and invoke `shield.bind(null)` and assert the result equals `shield` using `assertEquals(shield, shield.bind(null))`. Verify the mock interactions by calling `verify(channel).getOption(null)`, then `verify(channel).setOption(null, null)`, then `verify(channel).getLocalAddress()`, and `verify(channel).bind(null)`. Invoke `shield.close()` to close the shield, then assert that invoking `shield.supportedOptions()` does not throw any exception using `assertDoesNotThrow(shield::supportedOptions)`, and verify that `channel.supportedOptions()` was called using `verify(channel).supportedOptions()`. Assert that invoking `shield.setOption(null, null)` throws `ClosedChannelException` using `assertThrows(ClosedChannelException.class, () -> shield.setOption(null, null))`, then assert that invoking `shield.getOption(null)` throws `ClosedChannelException` using `assertThrows(ClosedChannelException.class, () -> shield.getOption(null))`, then assert that invoking `shield.getLocalAddress()` throws `ClosedChannelException` using `assertThrows(ClosedChannelException.class, shield::getLocalAddress)`, and assert that invoking `shield.bind(null)` throws `ClosedChannelException` using `assertThrows(ClosedChannelException.class, () -> shield.bind(null))`. Finally, verify that no further interactions occurred on `channel` by calling `verifyNoMoreInteractions(channel)`. The test method declares `throws Exception` in its signature, uses the `@Test` annotation from JUnit 5, employs JUnit 5 Assertions (`assertEquals`, `assertDoesNotThrow`, `assertThrows`), and uses Mockito for mocking and verification (`mock`, `when`, `thenReturn`, `verify`, `verifyNoMoreInteractions`).",323,False,testNetworkChannelMethods(),commons-io,org.apache.commons.io.channels.CloseShieldChannelTest
low,"Define a test method annotated with `@Test` that begins by invoking the static method `failableStream` on the `Streams` class, passing the two String literal arguments `""A""` and `""B""` as varargs, which returns a `FailableStream<String>` instance, then immediately chain a call to the `collect` method on this stream, passing three method references as arguments: `ArrayList::new` as the supplier, `ArrayList::add` as the accumulator, and `ArrayList::addAll` as the combiner, which produces an `ArrayList<String>` containing the collected elements, and assert using `assertEquals` that this result equals the list created by invoking `Arrays.asList(""A"", ""B"")`, comparing the expected list `[""A"", ""B""]` with the actual collected list to verify the failable stream's collect operation correctly accumulates elements into an `ArrayList`. After the test method completes, execute a teardown method that invokes `ToStringStyle.getRegistry()` to retrieve the registry map, then calls `isEmpty()` on this map, and asserts using `assertTrue` with the message `""Expected null, actual: "" + ToStringStyle.getRegistry()` that the registry is empty, ensuring no residual state remains in the `ToStringStyle` registry after test execution. The test uses JUnit 5 Assertions with method-level annotation `@Test`.",936,False,testFailableCollect(),commons-lang,org.apache.commons.lang3.stream.StreamsTest
low,"Define a test method annotated with `@Test` that validates the behavior of the deprecated `removeFirst` method in `RegExUtils` when invoked with `null` inputs, empty patterns, and various regex patterns applied to different input strings. Begin by invoking `RegExUtils.removeFirst` with arguments `null` and `Pattern.compile("""")`, then immediately assert using `assertNull` that the returned value is `null`. Next, invoke `RegExUtils.removeFirst` with arguments `""any""` and `(Pattern) null`, then assert using `assertEquals` that the result equals `""any""`. Proceed by invoking `RegExUtils.removeFirst` with arguments `""any""` and `Pattern.compile("""")`, asserting the result equals `""any""`. Continue by invoking `RegExUtils.removeFirst` with arguments `""any""` and `Pattern.compile("".*"")`, asserting the result equals `""""` (empty string). Invoke `RegExUtils.removeFirst` with arguments `""any""` and `Pattern.compile("".+"")`, asserting the result equals `""""`. Invoke `RegExUtils.removeFirst` with arguments `""abc""` and `Pattern.compile("".?"")`, asserting the result equals `""bc""`. Invoke `RegExUtils.removeFirst` with arguments `""A<__>\n<__>B""` and `Pattern.compile(""<.*>"")`, asserting the result equals `""A\n<__>B""`. Invoke `RegExUtils.removeFirst` with arguments `""A<__>\n<__>B""` and `Pattern.compile(""(?s)<.*>"")`, asserting the result equals `""AB""`. Invoke `RegExUtils.removeFirst` with arguments `""ABCabc123""` and `Pattern.compile(""[a-z]"")`, asserting the result equals `""ABCbc123""`. Finally, invoke `RegExUtils.removeFirst` with arguments `""ABCabc123abc""` and `Pattern.compile(""[a-z]+"")`, asserting the result equals `""ABC123abc""`. After all test assertions complete, define a teardown method that invokes `ToStringStyle.getRegistry()` to retrieve the registry map, then invokes `isEmpty()` on that map, and asserts using `assertTrue` that the registry is empty with the message constructed by concatenating `""Expected null, actual: ""` with the result of calling `ToStringStyle.getRegistry()` again. The test uses JUnit 5 Assertions (`assertNull`, `assertEquals`, `assertTrue`) and has no class-level annotations, no field declarations, no setup methods, no mocking libraries, and executes the teardown method `after()` inherited from `AbstractLangTest`.",700,False,testRemoveFirstDeprecated(),commons-lang,org.apache.commons.lang3.RegExUtilsTest
low,"Define a test method annotated with `@Test` that verifies the behavior of the XML string lookup when external entity processing is disabled by asserting that an `IllegalArgumentException` is thrown when attempting to resolve an XML document containing an entity reference. Begin by invoking `assertThrows` with the expected exception class `IllegalArgumentException.class` and a lambda expression that executes the lookup operation. Within the lambda, invoke `xmlStringLookup()` on the singleton instance `StringLookupFactory.INSTANCE` to obtain a `StringLookup` instance, then immediately chain a call to `apply` on the returned lookup, passing as the argument a concatenated string formed by appending the literal `""document-entity-ref.xml:/document/content""` to the constant `XmlStringLookupTest.DOC_DIR`. The test verifies that the lookup throws the expected exception when processing the XML file path and XPath expression that references an external entity, confirming that external entity resolution is properly disabled. Class-level annotations: None. Method-level annotations: `@Test`. Assertion library: JUnit 5 Assertions (via `assertThrows`). Mocking libraries: None.",730,False,testXmlStringLookupExternalEntityOff(),commons-text,org.apache.commons.text.lookup.StringLookupFactoryTest
low,"Define a test class containing a private static final field `testData` of type `byte[]`, and write a test method annotated with `@Test` that declares `throws IOException` in its signature. Begin by opening a try-with-resources block that instantiates a `ByteArraySeekableByteChannel` using its no-argument constructor and assigns it to variable `c`. Within the try block, create a `ByteBuffer` by invoking `ByteBuffer.wrap(testData)` and assign the result to variable `inData`. Invoke `write` on `c` passing `inData` as the argument, and assign the returned int value to variable `writeCount`. Assert that `writeCount` equals `testData.length` using `assertEquals`. Invoke `position()` on `c` and assert that the returned long value equals `testData.length` using `assertEquals`. Invoke `position()` on `c` again, cast the result to int, and pass this value to `Arrays.copyOf` along with the byte array obtained by invoking `array()` on `c`, then assert that the resulting byte array equals `testData` using `assertArrayEquals`. After the try-with-resources block completes, define a teardown method that invokes `assertArrayEquals` with the byte array obtained by calling `getBytes(StandardCharsets.UTF_8)` on the String literal `""Some data""` as the first argument and `testData` as the second argument. The test uses method-level annotation `@Test`, assertion library JUnit 5 Assertions, and no mocking libraries.",1187,False,testShouldWriteDataProperly(),commons-io,org.apache.commons.io.channels.ByteArraySeekableByteChannelCompressTest
low,"Define a test class containing a private static final field `testData` of type `byte[]` initialized with the byte array representation of the string literal `""Some data""` using `StandardCharsets.UTF_8` encoding. Write a test method annotated with `@Test` that declares it throws `IOException`, then open a try-with-resources block by invoking the static method `ByteArraySeekableByteChannel.wrap(testData)` and assign the returned `ByteArraySeekableByteChannel` instance to variable `c`. Within the try block, allocate a `ByteBuffer` by calling `ByteBuffer.allocate(testData.length + 1)` and assign it to variable `readBuffer`, then invoke `c.read(readBuffer)` and assign the returned int value to variable `readCount`. Assert that `readCount` equals `testData.length` using `assertEquals(testData.length, readCount)`, then assert array equality by calling `assertArrayEquals(testData, Arrays.copyOf(readBuffer.array(), testData.length))` where the second argument is constructed by invoking `readBuffer.array()` to obtain the backing byte array and passing it along with `testData.length` to `Arrays.copyOf`. Assert that the channel's position equals `testData.length` by calling `assertEquals(testData.length, c.position())`. After the test method completes, execute a teardown method that asserts array equality between the byte array obtained by calling `""Some data"".getBytes(StandardCharsets.UTF_8)` and `testData` using `assertArrayEquals(""Some data"".getBytes(StandardCharsets.UTF_8), testData)` to verify the data remains unmodified. The test uses JUnit 5 Assertions with method-level annotation `@Test`.",1148,False,testShouldReadContentsWhenBiggerBufferSupplied(),commons-io,org.apache.commons.io.channels.ByteArraySeekableByteChannelCompressTest
low,"Define a test class containing a private static field `defaultInstance` of type `org.apache.commons.text.similarity.DamerauLevenshteinDistance`, and implement a static setup method annotated with `@BeforeAll` that instantiates `defaultInstance` by invoking the no-argument constructor `new DamerauLevenshteinDistance()` and assigning the result to the field. Write a test method annotated with `@Test` that verifies null input handling by performing four sequential assertion checks: first, invoke `assertThrows` expecting `IllegalArgumentException.class` when calling `defaultInstance.apply(null, ""test"")` where the first argument is `null` and the second is the String literal `""test""`; second, invoke `assertThrows` expecting `IllegalArgumentException.class` when calling `defaultInstance.apply(""test"", null)` where the first argument is the String literal `""test""` and the second is `null`; third, invoke `assertThrows` expecting `IllegalArgumentException.class` when calling `defaultInstance.apply(null, SimilarityInput.input(""test""))` where the first argument is `null` and the second is constructed by invoking the static method `SimilarityInput.input` with the String literal `""test""`; fourth, invoke `assertThrows` expecting `IllegalArgumentException.class` when calling `defaultInstance.apply(SimilarityInput.input(""test""), null)` where the first argument is constructed by invoking `SimilarityInput.input` with the String literal `""test""` and the second is `null`. The test uses JUnit 5 Assertions with the method-level annotation `@Test` and the setup method uses `@BeforeAll`.",1057,False,testNullInputsThrowUnlimited(),commons-text,org.apache.commons.text.similarity.DamerauLevenshteinDistanceTest
low,"Define a test class containing a private static final field `testData` of type `byte[]` initialized with the byte representation of the string literal `""Some data""` using `StandardCharsets.UTF_8`, then write a test method annotated with `@Test` that declares `throws IOException` and begins by opening a try-with-resources block that creates a variable `c` of type `ByteArraySeekableByteChannel` by invoking the static method `ByteArraySeekableByteChannel.wrap` with the argument `testData.clone()`, then within the try block declare a final variable `inData` of type `ByteBuffer` by invoking `ByteBuffer.wrap(testData)`, followed by declaring a final variable `expectedData` of type `ByteBuffer` by chaining `ByteBuffer.allocate(testData.length + 5)` with `.put(testData, 0, 5)` and then `.put(testData)`, after which invoke `c.position(5L)` to set the channel's position to long value `5L`, then declare a final int variable `writeCount` by invoking `c.write(inData)` and immediately assert using `assertEquals(testData.length, writeCount)` that the write count equals the length of `testData`, next assert using `assertArrayEquals(expectedData.array(), Arrays.copyOf(c.array(), (int) c.size()))` that the expected data array matches the result of copying the channel's internal array up to its size by invoking `Arrays.copyOf` with `c.array()` and the cast-to-int result of `c.size()`, then assert using `assertEquals(testData.length + 5, c.position())` that the channel's position equals `testData.length + 5`, and after the try-with-resources block completes define a teardown method that invokes `assertArrayEquals(""Some data"".getBytes(StandardCharsets.UTF_8), testData)` to verify the test data remains unmodified by comparing it to the byte representation of the string literal `""Some data""` using `StandardCharsets.UTF_8`. The test uses JUnit 5 Assertions with method-level annotation `@Test` and no class-level annotations.",1461,False,testShouldWriteDataProperlyAfterPositionSet(),commons-io,org.apache.commons.io.channels.ByteArraySeekableByteChannelCompressTest
low,"Define a test method annotated with `@Test` that begins by invoking the static factory method `Percentile.create` with argument `50` and assigning the returned `Percentile` instance to a variable named `stat`. Immediately use `Assertions.assertThrows` to verify that invoking `stat.evaluate(null)` throws a `NullArgumentException` by passing the exception class as the first argument and a lambda expression `() -> stat.evaluate(null)` as the second argument. Following this, invoke `Assertions.assertEquals` with expected value `Double.NaN` and the result of calling `stat.evaluate` on an empty `double[]` array (created using `new double[]{}`) to confirm the method returns `NaN` for empty input. Next, assert that calling `stat.evaluate` with a single-element array `new double[]{1}` returns `1` by passing `1` as the expected value and the evaluation result to `Assertions.assertEquals`. Continue by invoking `Assertions.assertEquals` with expected value `1.5` and the result of `stat.evaluate(new double[]{1, 2})` to verify the 50th percentile of a two-element array. Finally, call `Assertions.assertEquals` with expected value `2` and the result of `stat.evaluate(new double[]{1, 2, 3})` to confirm the 50th percentile calculation for a three-element array. The test uses method-level annotation `@Test`, assertion library JUnit 5 Assertions, and no mocking libraries.",444,False,testPercentile(),commons-math,org.apache.commons.math4.legacy.stat.descriptive.StatisticsTest
low,"Define a test class containing a private static final field `testData` of type `byte[]`, initialized with the byte array representation of the string literal `""Some data""` using `StandardCharsets.UTF_8` encoding. Write a test method annotated with `@Test` that declares it throws `Exception`, and within a try-with-resources block, declare a variable `c` of type `SeekableByteChannel` initialized by invoking the static method `ByteArraySeekableByteChannel.wrap(testData)` to wrap the test data array. Immediately invoke `position` on `c` with the argument `2 * testData.length` to set the channel position to twice the length of the test data array, then invoke `truncate` on `c` with the argument `testData.length` to truncate the channel to the original data length. Following truncation, assert that invoking `size()` on `c` returns a value equal to `testData.length` using `assertEquals(testData.length, c.size())`, and immediately after, assert that invoking `position()` on `c` returns a value equal to `testData.length` using `assertEquals(testData.length, c.position())` to verify the position was adjusted to match the new size. Upon completion of the test method, define a teardown method annotated with `@AfterEach` that invokes `assertArrayEquals` with the first argument being the byte array obtained by calling `getBytes(StandardCharsets.UTF_8)` on the string literal `""Some data""` and the second argument being `testData` to verify the test data array remains unmodified. The test uses JUnit 5 Assertions with method-level annotation `@Test` and teardown annotation `@AfterEach`.",1106,False,testTruncateMovesPositionWhenNotResizingButPositionBiggerThanSize(),commons-io,org.apache.commons.io.channels.ByteArraySeekableByteChannelCompressTest
low,"Define a test method annotated with `@Test` that begins by declaring a local variable `fullWidth123` of type `String` initialized to the Unicode string literal `""\uFF10\uFF11\uFF12""` (representing the digits 0, 1, 2 in fullwidth Unicode form). Immediately invoke `assertThrows` with `NumberFormatException.class` as the first argument and a lambda expression that calls `Double.parseDouble(fullWidth123)` as the second argument to verify that parsing `fullWidth123` as a `Double` throws `NumberFormatException`. Next, invoke `assertThrows` again with `NumberFormatException.class` and a lambda that calls `Float.parseFloat(fullWidth123)` to confirm that parsing `fullWidth123` as a `Float` also throws `NumberFormatException`. Following these exception assertions, invoke `assertTrue` passing the result of `NumberUtils.isParsable(fullWidth123)` to assert that `isParsable` returns `true` for the fullwidth string. Then invoke `assertFalse` with the result of `NumberUtils.isParsable(fullWidth123 + "".0"")` to verify that appending `"".0""` to `fullWidth123` makes it unparsable. Subsequently, invoke `assertFalse` again with the result of `NumberUtils.isParsable(""0."" + fullWidth123)` to confirm that prepending `""0.""` to `fullWidth123` also results in an unparsable string. After the test method completes, execute a teardown method that invokes `assertTrue` with two arguments: first, the result of calling `isEmpty()` on the `Map` returned by `ToStringStyle.getRegistry()`, and second, the error message string `""Expected null, actual: ""` concatenated with the result of another call to `ToStringStyle.getRegistry()`, thereby asserting that the `ToStringStyle` registry is empty after test execution. The test uses JUnit 5 Assertions (`assertThrows`, `assertTrue`, `assertFalse`) and is annotated with `@Test`.",1156,False,testIsParsableFullWidthUnicodeJDK8326627(),commons-lang,org.apache.commons.lang3.math.NumberUtilsTest
low,"Define a test method annotated with `@Test` that begins by instantiating a new `OctalUnescaper` object using its no-argument constructor and assigning it to a variable named `oue` of type `org.apache.commons.text.translate.OctalUnescaper`. Next, declare a `String` variable named `input` and assign it the literal value `""\\4a""` (representing a backslash followed by the characters '4' and 'a'). Then invoke the `translate` method on `oue`, passing `input` as the argument, and assign the returned `String` to a variable named `result`. Finally, assert equality using `assertEquals` with three arguments: the expected `String` literal `""\4a""` (representing the octal escape sequence for the character with value 4 followed by 'a'), the actual value `result`, and the failure message `""Failed to unescape octal characters via the between method""`. The test uses JUnit 5 Assertions with method-level annotation `@Test`.",628,False,testInvalid(),commons-text,org.apache.commons.text.translate.OctalUnescaperTest
low,"Define a test class containing a private static final field `testData` of type `byte[]`, then write a test method annotated with `@Test` that declares it throws `IOException` and executes the following logic within a try-with-resources block: invoke the static method `wrap` on `ByteArraySeekableByteChannel` passing `testData` as the argument and assign the returned `ByteArraySeekableByteChannel` instance to variable `c`. Within the try block, invoke `position` on `c` with the long literal `4L`, then immediately chain a call to `position()` with no arguments on the returned object, assigning the final long result to variable `posAtFour`. Next, invoke `position` on `c` with the integer expression `testData.length`, chain `position()` on the result, and assign the returned long value to variable `posAtTheEnd`. Then invoke `position` on `c` with the long expression `testData.length + 1L`, chain `position()` on the result, and assign the returned long to variable `posPastTheEnd`. After these assignments, assert using `assertEquals` that the expected value `4L` equals `posAtFour`, then assert using `assertEquals` that the result of invoking `size()` on `c` equals `posAtTheEnd`, and finally assert using `assertEquals` that the expected value `testData.length + 1L` equals `posPastTheEnd`. Define a teardown method that invokes `assertArrayEquals` with two arguments: the byte array obtained by calling `getBytes(StandardCharsets.UTF_8)` on the string literal `""Some data""` as the expected value, and `testData` as the actual value. The test uses JUnit 5 Assertions and is annotated with `@Test` at the method level, with no class-level annotations present.",1129,False,testShouldSetProperPosition(),commons-io,org.apache.commons.io.channels.ByteArraySeekableByteChannelCompressTest
low,"Define a test class containing two private static final boolean fields named `AT_LEAST_JAVA_11` and `AT_LEAST_JAVA_17`, then write a test method annotated with `@SuppressWarnings(""resource"")` and `@Test` that executes three sequential assertion chains to verify the behavior of `IOStream.adapt` when combined with parallel stream operations. Begin by invoking the static method `IOStream.adapt` with a null `Stream<?>` cast explicitly to `Stream<?>`, chain `parallel()` on the returned `IOStream`, then chain `count()` to obtain the terminal count value, and assert using `assertEquals` that this count equals integer literal `0`. Next, invoke `Stream.empty()` to create an empty stream, pass this result to `IOStream.adapt`, chain `parallel()` on the returned `IOStream`, chain `count()`, and assert using `assertEquals` that the count equals integer literal `0`. Finally, invoke `Stream.of(""A"")` with the String literal `""A""` to create a single-element stream, pass this stream to `IOStream.adapt`, chain `parallel()` on the returned `IOStream`, chain `count()`, and assert using `assertEquals` that the count equals integer literal `1`. The test uses JUnit 5 Assertions via `assertEquals` and verifies that `IOStream.adapt` correctly handles null streams, empty streams, and single-element streams when converted to parallel execution mode.",1230,False,testAdaptAsParallel(),commons-io,org.apache.commons.io.function.IOStreamTest
low,"Define a test class containing a private static final field `testData` of type `byte[]`, then write a test method annotated with `@Test` that declares the method signature to throw `Exception`. Begin by instantiating a `ByteArraySeekableByteChannel` using its no-argument constructor and assign it to a variable `c` of type `SeekableByteChannel` within a try-with-resources statement. Immediately invoke `close()` on `c`, then invoke `assertThrows` passing `ClosedChannelException.class` as the first argument and a lambda expression `() -> c.truncate(0)` as the second argument, which attempts to call `truncate` with the long literal `0` on the closed channel. After the try-with-resources block completes, define an `afterEach` teardown method that invokes `assertArrayEquals` with two arguments: the result of calling `getBytes(StandardCharsets.UTF_8)` on the String literal `""Some data""` as the first argument, and the field `testData` as the second argument, verifying that the test data remains unmodified. The test uses method-level annotation `@Test`, assertion library JUnit 5 Assertions (specifically `assertThrows` and `assertArrayEquals`), and no mocking libraries.",960,False,throwsClosedChannelExceptionWhenTruncateIsCalledOnClosedChannel(),commons-io,org.apache.commons.io.channels.ByteArraySeekableByteChannelCompressTest
low,"Define a test class containing a private static final field `testData` of type `byte[]`, then write a test method annotated with `@Test` that declares the method signature `testCloseIsIdempotent()` and throws `Exception`. Begin the test method by opening a try-with-resources block that declares a variable `c` of type `SeekableByteChannel`, initialized by invoking the no-argument constructor `new ByteArraySeekableByteChannel()`. Within the try block, invoke `close()` on `c`, then immediately invoke `isOpen()` on `c` and pass the result to `assertFalse()` to verify the channel is closed. Next, invoke `close()` on `c` a second time, then again invoke `isOpen()` on `c` and pass the result to `assertFalse()` to confirm the channel remains closed after the redundant close call. The try-with-resources block will automatically invoke `close()` upon exiting. After the test method completes, execute a teardown method that invokes `getBytes(StandardCharsets.UTF_8)` on the String literal `""Some data""`, then passes the resulting byte array along with the field `testData` to `assertArrayEquals()` to verify the test data remains unmodified. The test uses the method-level annotation `@Test` and relies on JUnit 5 Assertions for verification.",924,False,testCloseIsIdempotent(),commons-io,org.apache.commons.io.channels.ByteArraySeekableByteChannelCompressTest
low,"Define a test class containing two private static final fields: a `String` field named `SEP` and an `Object` field named `FOO`, then write a test method annotated with `@Test` that instantiates a `TextStringBuilder` using the no-argument constructor and assigns it to variable `sb`. Immediately invoke `toString()` on `sb` and assert using `assertEquals` that the result equals the empty string `""""`. Invoke `insert` on `sb` with arguments `0` and `""Hello""`, then invoke `toString()` on `sb` and assert using `assertEquals` that the result equals `""Hello""`. Use `assertThrows` to verify that invoking `insert` on `sb` with arguments `-1` and `""World""` throws `IndexOutOfBoundsException`, then use `assertThrows` to verify that invoking `insert` on `sb` with arguments `6` and `""World""` throws `IndexOutOfBoundsException`. Invoke `insert` on `sb` with arguments `5` and boolean value `true`, then invoke `toString()` on `sb` and assert using `assertEquals` that the result equals `""Hellotrue""`. Use `assertThrows` to verify that invoking `insert` on `sb` with arguments `10` and boolean value `false` throws `IndexOutOfBoundsException`, then use `assertThrows` to verify that invoking `insert` on `sb` with arguments `-20` and boolean value `false` throws `IndexOutOfBoundsException`. Invoke `insert` on `sb` with arguments `9` and char value `'A'`, then invoke `toString()` on `sb` and assert using `assertEquals` that the result equals `""HellotrueA""`. Use `assertThrows` to verify that invoking `insert` on `sb` with arguments `11` and char value `'B'` throws `IndexOutOfBoundsException`, then use `assertThrows` to verify that invoking `insert` on `sb` with arguments `-2` and char value `'B'` throws `IndexOutOfBoundsException`. Invoke `insert` on `sb` with arguments `10` and a new char array containing elements `'B'` and `'C'`, then invoke `toString()` on `sb` and assert using `assertEquals` that the result equals `""HellotrueABC""`. Use `assertThrows` to verify that invoking `insert` on `sb` with arguments `13` and a new char array containing elements `'D'` and `'E'` throws `IndexOutOfBoundsException`, then use `assertThrows` to verify that invoking `insert` on `sb` with arguments `-1` and a new char array containing elements `'D'` and `'E'` throws `IndexOutOfBoundsException`. Invoke `insert` on `sb` with arguments `12`, a new char array containing elements `'D'`, `'E'`, and `'F'`, int value `1`, and int value `1`, then invoke `toString()` on `sb` and assert using `assertEquals` that the result equals `""HellotrueABCE""`. Use `assertThrows` to verify that invoking `insert` on `sb` with arguments `14`, a new char array containing elements `'G'`, `'H'`, and `'I'`, int value `1`, and int value `2` throws `IndexOutOfBoundsException`, then use `assertThrows` to verify that invoking `insert` on `sb` with arguments `-1`, a new char array containing elements `'G'`, `'H'`, and `'I'`, int value `1`, and int value `1` throws `IndexOutOfBoundsException`. Invoke `insert` on `sb` with arguments `13` and double value `1.2d`, then invoke `toString()` on `sb` and assert using `assertEquals` that the result equals `""HellotrueABCE1.2""`. Use `assertThrows` to verify that invoking `insert` on `sb` with arguments `17` and double value `1.3d` throws `IndexOutOfBoundsException`, then use `assertThrows` to verify that invoking `insert` on `sb` with arguments `-1` and double value `1.3d` throws `IndexOutOfBoundsException`. Invoke `insert` on `sb` with arguments `16` and float value `1f`, then invoke `toString()` on `sb` and assert using `assertEquals` that the result equals `""HellotrueABCE1.21.0""`. Use `assertThrows` to verify that invoking `insert` on `sb` with arguments `20` and float value `1.3f` throws `IndexOutOfBoundsException`, then use `assertThrows` to verify that invoking `insert` on `sb` with arguments `-3` and float value `1.3f` throws `IndexOutOfBoundsException`. Invoke `insert` on `sb` with arguments `19` and int value `23`, then invoke `toString()` on `sb` and assert using `assertEquals` that the result equals `""HellotrueABCE1.21.023""`. Use `assertThrows` to verify that invoking `insert` on `sb` with arguments `22` and int value `20` throws `IndexOutOfBoundsException`, then use `assertThrows` to verify that invoking `insert` on `sb` with arguments `-5` and int value `-5` throws `IndexOutOfBoundsException`. Invoke `insert` on `sb` with arguments `21` and long value `99L`, then invoke `toString()` on `sb` and assert using `assertEquals` that the result equals `""HellotrueABCE1.21.02399""`. Use `assertThrows` to verify that invoking `insert` on `sb` with arguments `24` and long value `22L` throws `IndexOutOfBoundsException`, then use `assertThrows` to verify that invoking `insert` on `sb` with arguments `-1` and long value `-1L` throws `IndexOutOfBoundsException`. Invoke `insert` on `sb` with arguments `23` and the field `FOO`, then invoke `toString()` on `sb` and assert using `assertEquals` that the result equals `""HellotrueABCE1.21.02399foo""`. Use `assertThrows` to verify that invoking `insert` on `sb` with arguments `27` and the field `FOO` throws `IndexOutOfBoundsException`, then use `assertThrows` to verify that invoking `insert` on `sb` with arguments `-3` and the field `FOO` throws `IndexOutOfBoundsException`. The test uses JUnit 5 Assertions with method-level annotation `@Test`.",1101,False,testInsertAtEnd(),commons-text,org.apache.commons.text.TextStringBuilderAppendInsertTest
low,"Define a test method that begins by creating a `JexlFeatures` instance by invoking the static factory method `createDefault()` on the `JexlFeatures` class and immediately chaining a call to `ambiguousStatement(true)`, assigning the result to a final variable named `features`. Next, invoke `supportsAmbiguousStatement()` on `features` and pass the returned boolean value to `assertTrue` to verify that ambiguous statement support is enabled. Proceed by constructing a `JexlEngine` instance: instantiate a new `JexlBuilder` using its no-argument constructor, chain a call to `features(features)` passing the previously created `features` object, then chain `create()` to produce the engine, and assign this result to a final variable named `jexl`. Construct a multi-line script source by concatenating the string literals `""let values = [...]""`, `""function append(const value) {""`, `""  values.add(value)""`, `""}""`, `""append(1)""`, `""append(2)""`, and `""return values ""` in sequence, assigning the concatenated result to a final `String` variable named `src`. Invoke `createScript(src)` on the `jexl` engine, assigning the returned `JexlScript` to a final variable named `script`, and immediately assert that `script` is not null using `assertNotNull(script)`. Execute the script by invoking `execute(null)` on `script`, assigning the returned `Object` to a final variable named `result`. Assert that `result` is an instance of `List.class` using `assertInstanceOf(List.class, result)`. Cast `result` to `List<?>` and assign it to a final variable named `values`. Finally, assert that the size of `values` equals the integer literal `2` by invoking `size()` on `values` and passing the result along with `2` to `assertEquals`. The test uses the `@Test` annotation from JUnit 5, relies on JUnit 5 Assertions for `assertTrue`, `assertNotNull`, `assertInstanceOf`, and `assertEquals`, and requires no mocking libraries.",616,False,test437b(),commons-jexl,org.apache.commons.jexl3.Issues400Test
low,"Define a test method annotated with `@Test` that verifies exception handling for malformed Unicode escape sequences. Begin by invoking `assertThrows` with the first argument `IllegalArgumentException.class` and the second argument as a lambda expression that instantiates a new `UnicodeUnescaper` using the no-argument constructor, then immediately invokes `translate` on this instance passing the String literal `""\\u""` as the argument, ensuring the assertion confirms that this invocation throws an `IllegalArgumentException` due to the insufficient length of the escape sequence. The test uses JUnit 5 Assertions with the `@Test` annotation at the method level, and no class-level annotations, assertion libraries include JUnit 5 Assertions, and no mocking libraries are present.",810,False,testTooShort(),commons-text,org.apache.commons.text.translate.UnicodeUnescaperTest
